{
    "gen_20_fit_1467.pkl": 1271.4664715839492,
    "gen_13_fit_1444.pkl": 1272.4950675092732,
    "gen_48_fit_1435.pkl": 1264.855857654505,
    "gen_10_fit_1407.pkl": 1299.4535888081418,
    "gen_11_fit_1404.pkl": 1337.6744257281105,
    "gen_40_fit_1398.pkl": 1069.893968165551,
    "gen_41_fit_1393.pkl": 1391.4431096300784,
    "gen_45_fit_1390.pkl": 1073.4120825739228,
    "gen_44_fit_1385.pkl": 1261.8064870500139,
    "gen_43_fit_1381.pkl": 1104.9755929267
}