{
    "gen_32_fit_1737.pkl": 1368.1755039763984,
    "gen_47_fit_1677.pkl": 1482.831167275926,
    "gen_38_fit_1673.pkl": 1553.5117747742154,
    "gen_2_fit_1894.pkl": 1150.8870351819053,
    "gen_1_fit_1890.pkl": 1069.237870375831,
    "gen_0_fit_1880.pkl": 1205.5480033510094,
    "gen_0_fit_1873.pkl": 1186.276272652544,
    "gen_2_fit_1866.pkl": 1214.481762448609,
    "gen_3_fit_1866.pkl": 1183.3843405422615,
    "gen_1_fit_1860.pkl": 1184.1729993871772,
    "gen_3_fit_1859.pkl": 1216.9233726300115,
    "gen_10_fit_1853.pkl": 1216.2001082593351,
    "gen_0_fit_1851.pkl": 1154.3124659257126,
    "gen_1_fit_1850.pkl": 1215.9742425972115,
    "gen_3_fit_1849.pkl": 1218.1953091933758,
    "gen_16_fit_1844.pkl": 1217.3295354007178,
    "gen_9_fit_1843.pkl": 1185.9571840250774,
    "gen_2_fit_1840.pkl": 1214.1639068624872,
    "gen_17_fit_1839.pkl": 1245.609394100051,
    "gen_0_fit_1837.pkl": 1211.6150718293259,
    "gen_4_fit_1837.pkl": 1212.6567057150505,
    "gen_7_fit_1836.pkl": 1242.640870727335,
    "gen_15_fit_1834.pkl": 1210.2639366748635,
    "gen_13_fit_1833.pkl": 1177.840438737325,
    "gen_8_fit_1833.pkl": 1212.3126771469013,
    "gen_11_fit_1832.pkl": 1179.6318450181716,
    "gen_18_fit_1831.pkl": 1181.9476043271734,
    "gen_5_fit_1830.pkl": 1211.7643984203044,
    "gen_18_fit_1828.pkl": 1209.8325423103076,
    "gen_12_fit_1826.pkl": 1241.4608779385624,
    "gen_14_fit_1825.pkl": 1239.6841742696245,
    "gen_4_fit_1825.pkl": 1176.8300647201386,
    "gen_6_fit_1825.pkl": 1147.2480537884649,
    "gen_19_fit_1824.pkl": 1149.5205768326375,
    "gen_21_fit_1824.pkl": 1212.8365366278606,
    "gen_19_fit_1822.pkl": 1242.8170532168606,
    "gen_2_fit_1819.pkl": 1208.967780070964,
    "gen_20_fit_1817.pkl": 1148.9888990212146,
    "gen_17_fit_1816.pkl": 1181.711920013235,
    "gen_20_fit_1816.pkl": 1243.6188250783841,
    "gen_3_fit_1812.pkl": 1212.5841556439955,
    "gen_4_fit_1812.pkl": 1241.1097666435646,
    "gen_1_fit_1811.pkl": 1179.6331284316118,
    "gen_21_fit_1811.pkl": 1208.1528094142598,
    "gen_23_fit_1810.pkl": 1210.6871255109993,
    "gen_16_fit_1809.pkl": 1239.3727319861575,
    "gen_5_fit_1805.pkl": 1206.4687723937066,
    "gen_22_fit_1801.pkl": 1238.2684600448295,
    "gen_0_fit_1793.pkl": 1207.5845275695126,
    "gen_22_fit_1793.pkl": 1178.054182484923,
    "gen_15_fit_1789.pkl": 1179.703131804548,
    "gen_5_fit_1787.pkl": 1230.8617706332054,
    "gen_0_fit_1781.pkl": 1230.5936834165707,
    "gen_14_fit_1777.pkl": 1199.6049941039973,
    "gen_6_fit_1774.pkl": 1230.7858163921971,
    "gen_9_fit_1772.pkl": 1229.5944850755748,
    "gen_13_fit_1770.pkl": 1197.6172011952392,
    "gen_44_fit_1769.pkl": 1197.742924084588,
    "gen_11_fit_1765.pkl": 1198.7093525320781,
    "gen_1_fit_1764.pkl": 1199.1346207094825,
    "gen_12_fit_1761.pkl": 1199.1734278161753,
    "gen_8_fit_1758.pkl": 1199.2103635327687,
    "gen_7_fit_1755.pkl": 1199.245453783734,
    "gen_0_fit_1752.pkl": 1199.2787437535371,
    "gen_10_fit_1752.pkl": 1199.3102922383143,
    "gen_24_fit_1744.pkl": 1230.3981297834166,
    "gen_6_fit_1742.pkl": 1229.7032400737721,
    "gen_35_fit_1737.pkl": 1230.4828912218159,
    "gen_48_fit_1733.pkl": 1229.461666662381,
    "gen_2_fit_1731.pkl": 1196.4276784186413,
    "gen_36_fit_1730.pkl": 1228.3390116889466,
    "gen_25_fit_1724.pkl": 1195.2609829124722,
    "gen_34_fit_1724.pkl": 1227.2140164131902,
    "gen_8_fit_1721.pkl": 1194.1247568266547,
    "gen_26_fit_1719.pkl": 1194.7576241129568,
    "gen_38_fit_1716.pkl": 1227.436578705243,
    "gen_33_fit_1715.pkl": 1226.2983095447903,
    "gen_7_fit_1713.pkl": 1225.206268222506,
    "gen_27_fit_1712.pkl": 1224.1626942414232,
    "gen_37_fit_1709.pkl": 1160.3195223780879,
    "gen_12_fit_1707.pkl": 1193.9435156843451,
    "gen_9_fit_1706.pkl": 1225.077593846542,
    "gen_10_fit_1704.pkl": 1224.0412955965012,
    "gen_30_fit_1702.pkl": 1223.0541106310945,
    "gen_11_fit_1699.pkl": 1192.0055999314695,
    "gen_3_fit_1697.pkl": 1224.0566207395345,
    "gen_39_fit_1696.pkl": 1223.0765918620823,
    "gen_28_fit_1694.pkl": 1222.141423331386,
    "gen_32_fit_1694.pkl": 1190.2734224142448,
    "gen_22_fit_1692.pkl": 1190.7907783607914,
    "gen_18_fit_1689.pkl": 1223.7026486620503,
    "gen_23_fit_1689.pkl": 1159.6931925215144,
    "gen_16_fit_1687.pkl": 1224.7958802442388,
    "gen_41_fit_1685.pkl": 1162.633371831666,
    "gen_40_fit_1683.pkl": 1194.935462389301,
    "gen_4_fit_1683.pkl": 1196.0775677146032,
    "gen_13_fit_1680.pkl": 1227.1672590477508,
    "gen_24_fit_1679.pkl": 1226.0760013211775,
    "gen_21_fit_1678.pkl": 1225.0193469207875,
    "gen_14_fit_1676.pkl": 1192.7825081829399,
    "gen_29_fit_1676.pkl": 1162.1334528953682,
    "gen_42_fit_1671.pkl": 1196.1298372172412,
    "gen_15_fit_1670.pkl": 1227.0759947007869,
    "gen_44_fit_1662.pkl": 1163.1763512408627,
    "gen_20_fit_1661.pkl": 1227.4338477279907,
    "gen_43_fit_1660.pkl": 1194.2806934753787,
    "gen_39_fit_1659.pkl": 1163.7438218355035,
    "gen_38_fit_1648.pkl": 1197.9846784052622,
    "gen_48_fit_1646.pkl": 1229.3277406285204,
    "gen_49_fit_1637.pkl": 1166.0115515087452,
    "gen_40_fit_1630.pkl": 1200.504905119505,
    "gen_47_fit_1629.pkl": 1199.1254550273989,
    "gen_36_fit_1627.pkl": 1231.1672553748886,
    "gen_35_fit_1622.pkl": 1167.2176270125733,
    "gen_37_fit_1622.pkl": 1231.2400816112345,
    "gen_41_fit_1610.pkl": 1167.2920819300045,
    "gen_43_fit_1604.pkl": 1231.6790361789392,
    "gen_5_fit_1599.pkl": 1198.3353939835688,
    "gen_6_fit_1589.pkl": 1198.40772463349,
    "gen_45_fit_1585.pkl": 1230.4906503925204,
    "gen_44_fit_1578.pkl": 1229.14488378074,
    "gen_34_fit_1564.pkl": 1228.5848402151767,
    "gen_44_fit_1561.pkl": 1227.3372334289008,
    "gen_7_fit_1559.pkl": 1163.5304119057241,
    "gen_17_fit_1557.pkl": 1227.731220429101,
    "gen_36_fit_1557.pkl": 1195.9159561882907,
    "gen_13_fit_1555.pkl": 1194.7312787062824,
    "gen_19_fit_1554.pkl": 1164.3317199416679,
    "gen_33_fit_1554.pkl": 1228.4867815463886,
    "gen_28_fit_1553.pkl": 1195.2371943837602,
    "gen_14_fit_1551.pkl": 1195.4495917368054,
    "gen_11_fit_1548.pkl": 1197.138687859936,
    "gen_20_fit_1548.pkl": 1227.7761981998,
    "gen_46_fit_1548.pkl": 1195.989625152628,
    "gen_31_fit_1547.pkl": 1164.1408833152182,
    "gen_27_fit_1546.pkl": 1196.3013805343774,
    "gen_21_fit_1544.pkl": 1197.9361858531972,
    "gen_42_fit_1544.pkl": 1228.5560376059886,
    "gen_12_fit_1543.pkl": 1196.0585982424018,
    "gen_9_fit_1543.pkl": 1197.6871257128005,
    "gen_15_fit_1542.pkl": 1228.3329526707935,
    "gen_35_fit_1542.pkl": 1227.0915275122632,
    "gen_22_fit_1541.pkl": 1195.3088866507053,
    "gen_43_fit_1541.pkl": 1195.5100273549756,
    "gen_10_fit_1539.pkl": 1226.3806620284815,
    "gen_30_fit_1539.pkl": 1194.5702237199198,
    "gen_8_fit_1539.pkl": 1225.5547253118712,
    "gen_29_fit_1538.pkl": 1224.4812317550748,
    "gen_16_fit_1536.pkl": 1192.6959665006154,
    "gen_41_fit_1536.pkl": 1223.862839795296,
    "gen_47_fit_1536.pkl": 1222.880788281036,
    "gen_18_fit_1534.pkl": 1221.9502510461652,
    "gen_40_fit_1530.pkl": 1221.070037193526,
    "gen_32_fit_1528.pkl": 1157.3474083715885,
    "gen_26_fit_1524.pkl": 1191.0466346224182,
    "gen_39_fit_1523.pkl": 1190.3441422121314,
    "gen_24_fit_1522.pkl": 1190.5674565469742,
    "gen_23_fit_1521.pkl": 1160.1377429341717,
    "gen_37_fit_1519.pkl": 1224.4997216583613,
    "gen_38_fit_1519.pkl": 1192.7859070309837,
    "gen_49_fit_1519.pkl": 1223.8320557961952,
    "gen_48_fit_1506.pkl": 1160.1033335130644,
    "gen_25_fit_1489.pkl": 1224.4813513374752
}