{
    "gen_49_fit_1479.pkl": 1397.2875562601441,
    "gen_46_fit_1471.pkl": 1296.3933773980661,
    "gen_46_fit_1532.pkl": 1582.5886380258733,
    "gen_49_fit_1521.pkl": 1528.7600164089565,
    "gen_31_fit_1516.pkl": 1539.184771975354,
    "gen_45_fit_1491.pkl": 1539.240793865465,
    "gen_7_fit_1487.pkl": 1522.2862046834603,
    "gen_47_fit_1485.pkl": 1534.6220947209276,
    "gen_4_fit_1482.pkl": 1543.0749542661838,
    "gen_37_fit_1475.pkl": 1045.9906910145137,
    "gen_14_fit_1474.pkl": 1285.9244754867077,
    "gen_6_fit_1471.pkl": 1291.2522776126111,
    "gen_8_fit_1471.pkl": 1312.9398610462042,
    "gen_2_fit_1470.pkl": 1334.8851513476382,
    "gen_41_fit_1470.pkl": 1109.719788742691,
    "gen_39_fit_1469.pkl": 1112.4669028335568,
    "gen_43_fit_1469.pkl": 1274.357272851992,
    "gen_47_fit_1468.pkl": 1246.7578839252242,
    "gen_20_fit_1467.pkl": 1244.6029155518945,
    "gen_48_fit_1463.pkl": 1297.0378205276536,
    "gen_0_fit_1461.pkl": 1163.4797792261472,
    "gen_27_fit_1460.pkl": 1109.211096067821,
    "gen_38_fit_1460.pkl": 1293.8920147507679,
    "gen_3_fit_1459.pkl": 1246.1622870084905,
    "gen_15_fit_1456.pkl": 1108.1770197792664,
    "gen_5_fit_1453.pkl": 1320.475291455408,
    "gen_1_fit_1452.pkl": 1297.0825758968274,
    "gen_13_fit_1444.pkl": 1255.0318527293114,
    "gen_35_fit_1439.pkl": 1103.4734889722067,
    "gen_19_fit_1438.pkl": 1106.4348024247638,
    "gen_40_fit_1437.pkl": 1109.2621848189262,
    "gen_48_fit_1435.pkl": 1246.286396939822,
    "gen_21_fit_1434.pkl": 1314.546507831736,
    "gen_22_fit_1433.pkl": 1107.0930077156659,
    "gen_42_fit_1432.pkl": 1109.894741154189,
    "gen_36_fit_1418.pkl": 1112.5700169294,
    "gen_18_fit_1414.pkl": 1115.1247982106445,
    "gen_10_fit_1407.pkl": 1275.833391192118,
    "gen_11_fit_1404.pkl": 1225.7659227661168,
    "gen_12_fit_1403.pkl": 1115.1338951614623,
    "gen_16_fit_1399.pkl": 1117.5519128271778,
    "gen_40_fit_1398.pkl": 1119.8636520459074,
    "gen_41_fit_1393.pkl": 1227.9002074213033,
    "gen_45_fit_1390.pkl": 1127.036705452446,
    "gen_44_fit_1385.pkl": 1315.7324359509744,
    "gen_43_fit_1381.pkl": 1125.6654308679063,
    "gen_42_fit_1376.pkl": 1209.936215176996,
    "gen_9_fit_1373.pkl": 1127.364460020709,
    "gen_38_fit_1370.pkl": 1313.532398839684,
    "gen_37_fit_1352.pkl": 1179.6284497727083,
    "gen_17_fit_1349.pkl": 1126.9834146030792,
    "gen_22_fit_1344.pkl": 1129.036800723308,
    "gen_27_fit_1338.pkl": 1130.998529137608,
    "gen_23_fit_1335.pkl": 1132.8734162294247,
    "gen_16_fit_1333.pkl": 1134.6660633867518,
    "gen_1_fit_1331.pkl": 1136.380851135166,
    "gen_2_fit_1331.pkl": 1138.0219379015994,
    "gen_5_fit_1330.pkl": 1139.593262275204,
    "gen_33_fit_1327.pkl": 1141.0985478466976,
    "gen_39_fit_1327.pkl": 1311.7307687586201,
    "gen_3_fit_1326.pkl": 1139.7307453112,
    "gen_11_fit_1324.pkl": 1141.2312150255977,
    "gen_21_fit_1323.pkl": 1142.669442053903,
    "gen_18_fit_1322.pkl": 1144.0487098700837,
    "gen_0_fit_1319.pkl": 1145.37211623164,
    "gen_12_fit_1319.pkl": 1146.6425810848311,
    "gen_36_fit_1319.pkl": 1147.8628549740945,
    "gen_15_fit_1314.pkl": 1150.184573691648,
    "gen_19_fit_1313.pkl": 1151.2683894803677,
    "gen_9_fit_1313.pkl": 1152.3115369586392,
    "gen_7_fit_1312.pkl": 1153.3160456844832,
    "gen_14_fit_1311.pkl": 1154.2838260561318,
    "gen_4_fit_1311.pkl": 1155.2166766799237,
    "gen_26_fit_1310.pkl": 1156.116291356988,
    "gen_6_fit_1310.pkl": 1156.9842656838039,
    "gen_8_fit_1310.pkl": 1157.8221032693602,
    "gen_20_fit_1306.pkl": 1158.631221577204,
    "gen_34_fit_1304.pkl": 1159.4129574044919,
    "gen_25_fit_1303.pkl": 1160.1685720127778,
    "gen_29_fit_1299.pkl": 1168.0131732527266,
    "gen_32_fit_1299.pkl": 1161.9007189148197,
    "gen_24_fit_1294.pkl": 1162.5755000173046,
    "gen_17_fit_1318.pkl": 1152.8267598306973,
    "gen_13_fit_1286.pkl": 1166.0152827847603
}