{
    "gen_49_fit_1479.pkl": 1355.7420681897574,
    "gen_46_fit_1471.pkl": 1247.5047996985463,
    "gen_46_fit_1532.pkl": 1582.5886380258733,
    "gen_49_fit_1521.pkl": 1528.7600164089565,
    "gen_31_fit_1516.pkl": 1539.184771975354,
    "gen_45_fit_1491.pkl": 1486.7910798340854,
    "gen_33_fit_1487.pkl": 1139.6825731429972,
    "gen_7_fit_1487.pkl": 1310.9553944981203,
    "gen_23_fit_1486.pkl": 1105.45717567726,
    "gen_47_fit_1485.pkl": 1375.9018175810602,
    "gen_4_fit_1482.pkl": 1360.9153001972463,
    "gen_37_fit_1475.pkl": 1096.1606399349978,
    "gen_14_fit_1474.pkl": 1291.1682688602868,
    "gen_6_fit_1471.pkl": 1205.5720925021817,
    "gen_8_fit_1471.pkl": 1235.414308758692,
    "gen_2_fit_1470.pkl": 1265.6951952131917,
    "gen_41_fit_1470.pkl": 1144.6886830206313,
    "gen_39_fit_1469.pkl": 1146.4764658867384,
    "gen_43_fit_1469.pkl": 1264.8308202847888,
    "gen_47_fit_1468.pkl": 1232.4618430377868,
    "gen_20_fit_1467.pkl": 1232.0164169927357,
    "gen_48_fit_1463.pkl": 1260.511580720359,
    "gen_0_fit_1461.pkl": 1170.3145414396088,
    "gen_27_fit_1460.pkl": 1143.9674714962734,
    "gen_38_fit_1460.pkl": 1293.3387750423924,
    "gen_3_fit_1459.pkl": 1229.5541498072241,
    "gen_15_fit_1456.pkl": 1142.0397079146494,
    "gen_5_fit_1453.pkl": 1319.5158576830806,
    "gen_1_fit_1452.pkl": 1259.6648354927993,
    "gen_13_fit_1444.pkl": 1281.1597918736675,
    "gen_35_fit_1439.pkl": 1135.876219952407,
    "gen_19_fit_1438.pkl": 1138.051780931661,
    "gen_40_fit_1437.pkl": 1140.1170555100202,
    "gen_48_fit_1435.pkl": 1229.5929071767434,
    "gen_21_fit_1434.pkl": 1312.2716406928832,
    "gen_22_fit_1433.pkl": 1137.366206179676,
    "gen_42_fit_1432.pkl": 1139.4666809006053,
    "gen_36_fit_1418.pkl": 1141.4607616440437,
    "gen_18_fit_1414.pkl": 1143.354097213376,
    "gen_10_fit_1407.pkl": 1255.5306221915205,
    "gen_11_fit_1404.pkl": 1200.4185677136597,
    "gen_12_fit_1403.pkl": 1143.8407364823563,
    "gen_16_fit_1399.pkl": 1145.5956060636859,
    "gen_40_fit_1398.pkl": 1147.2645055943556,
    "gen_41_fit_1393.pkl": 1236.5762948466825,
    "gen_45_fit_1390.pkl": 1147.8110122330147,
    "gen_44_fit_1385.pkl": 1291.404992670446,
    "gen_43_fit_1381.pkl": 1146.4690291378242,
    "gen_42_fit_1376.pkl": 1206.1524928526787,
    "gen_9_fit_1373.pkl": 1147.8801326239566,
    "gen_38_fit_1370.pkl": 1323.2254801966178,
    "gen_37_fit_1352.pkl": 1204.7316104722697,
    "gen_17_fit_1349.pkl": 1145.8418782905883,
    "gen_22_fit_1344.pkl": 1147.4917974086707,
    "gen_27_fit_1338.pkl": 1149.0617135131795,
    "gen_23_fit_1335.pkl": 1150.5561967617944,
    "gen_16_fit_1333.pkl": 1151.9795910074972,
    "gen_1_fit_1331.pkl": 1153.3360097107106,
    "gen_2_fit_1331.pkl": 1154.6293365918204,
    "gen_5_fit_1330.pkl": 1155.8632297873821,
    "gen_33_fit_1327.pkl": 1157.041128518822,
    "gen_39_fit_1327.pkl": 1274.7744100845832,
    "gen_3_fit_1326.pkl": 1155.99969844677,
    "gen_11_fit_1324.pkl": 1157.1790278343362,
    "gen_21_fit_1323.pkl": 1158.3051583579606,
    "gen_18_fit_1322.pkl": 1159.3811549337204,
    "gen_0_fit_1319.pkl": 1160.4098917190051,
    "gen_12_fit_1319.pkl": 1161.3940616010138,
    "gen_36_fit_1319.pkl": 1162.3361860472444,
    "gen_15_fit_1314.pkl": 1164.1199674166417,
    "gen_19_fit_1313.pkl": 1164.9488411679456,
    "gen_9_fit_1313.pkl": 1165.7442747659463,
    "gen_7_fit_1312.pkl": 1170.977768863159,
    "gen_14_fit_1311.pkl": 1171.6277429604809,
    "gen_4_fit_1311.pkl": 1172.2519330167222,
    "gen_26_fit_1310.pkl": 1172.851726754409,
    "gen_6_fit_1310.pkl": 1173.4284219489707,
    "gen_8_fit_1310.pkl": 1173.9832328651062,
    "gen_20_fit_1306.pkl": 1174.5172962374886,
    "gen_34_fit_1304.pkl": 1175.0316768191576,
    "gen_25_fit_1303.pkl": 1175.527372522461,
    "gen_29_fit_1299.pkl": 1183.701733232574,
    "gen_32_fit_1299.pkl": 1176.7727747864153,
    "gen_24_fit_1294.pkl": 1177.2073178889461,
    "gen_17_fit_1318.pkl": 1167.3086896553946,
    "gen_13_fit_1286.pkl": 1180.6295523380609
}