{
    "visual_winner.pkl": 1521.2869309136802,
    "gen_49_fit_1544.pkl": 1464.6117139168632,
    "gen_38_fit_1775.pkl": 1112.164409346132,
    "gen_35_fit_1750.pkl": 1230.253420208138,
    "gen_36_fit_1742.pkl": 1126.3365405806476,
    "gen_33_fit_1736.pkl": 1213.4768401488896,
    "gen_31_fit_1734.pkl": 1229.6615000981847,
    "gen_34_fit_1730.pkl": 1293.6859189877684,
    "gen_32_fit_1718.pkl": 1078.9166086210528,
    "gen_39_fit_1717.pkl": 1172.0241682453823,
    "gen_28_fit_1707.pkl": 1153.233083962132,
    "gen_30_fit_1705.pkl": 1239.7619352433057,
    "gen_41_fit_1701.pkl": 1226.212536298824,
    "gen_27_fit_1688.pkl": 1182.9803099452608,
    "gen_26_fit_1668.pkl": 1232.1475455838763,
    "gen_42_fit_1654.pkl": 1230.9052764635153,
    "gen_25_fit_1640.pkl": 1145.5088760414412,
    "gen_45_fit_1638.pkl": 1260.60029476484,
    "gen_44_fit_1637.pkl": 1242.8377716435118,
    "gen_43_fit_1623.pkl": 1199.028820207675,
    "gen_24_fit_1617.pkl": 1193.5178154583832,
    "gen_46_fit_1601.pkl": 1192.585574799553,
    "gen_23_fit_1584.pkl": 1193.215898301245,
    "gen_47_fit_1571.pkl": 1282.097864947247,
    "gen_48_fit_1558.pkl": 1231.6399127535074,
    "gen_21_fit_1500.pkl": 1200.6445031468197,
    "gen_20_fit_1431.pkl": 1338.9562930504014
}