{
    "gen_32_fit_1737.pkl": 1415.7840997302114,
    "gen_47_fit_1677.pkl": 1508.1299392901124,
    "gen_38_fit_1673.pkl": 1547.1457578556808,
    "gen_0_fit_1606.pkl": 1106.0854165935355,
    "gen_49_fit_1544.pkl": 1203.32811917624
}