{
    "gen_32_fit_1737.pkl": 1368.1755039763984,
    "gen_47_fit_1677.pkl": 1513.2724017247706,
    "gen_38_fit_1673.pkl": 1551.5958542544142,
    "gen_2_fit_1894.pkl": 1150.8870351819053,
    "gen_1_fit_1890.pkl": 1045.8421969712465,
    "gen_0_fit_1880.pkl": 1231.2976013366472,
    "gen_0_fit_1873.pkl": 1167.3648477379368,
    "gen_2_fit_1866.pkl": 1231.3544152888098,
    "gen_3_fit_1866.pkl": 1197.946233797026,
    "gen_1_fit_1860.pkl": 1198.0785831985486,
    "gen_3_fit_1859.pkl": 1198.2089988664852,
    "gen_10_fit_1853.pkl": 1198.3353965835254,
    "gen_0_fit_1851.pkl": 1167.8783883535084,
    "gen_1_fit_1850.pkl": 1231.8420257569974,
    "gen_3_fit_1849.pkl": 1199.8767317794482,
    "gen_16_fit_1844.pkl": 1199.8407860941657,
    "gen_9_fit_1843.pkl": 1167.8073889440677,
    "gen_2_fit_1840.pkl": 1231.7772825282966,
    "gen_17_fit_1839.pkl": 1230.350927994221,
    "gen_0_fit_1837.pkl": 1228.9938934123659,
    "gen_4_fit_1837.pkl": 1195.706823596689,
    "gen_7_fit_1836.pkl": 1227.9524577787163,
    "gen_15_fit_1834.pkl": 1194.724571871982,
    "gen_13_fit_1833.pkl": 1195.0286262157256,
    "gen_8_fit_1833.pkl": 1196.7926008261793,
    "gen_11_fit_1832.pkl": 1196.8259499775786,
    "gen_18_fit_1831.pkl": 1164.8826494242624,
    "gen_5_fit_1830.pkl": 1196.9586667165217,
    "gen_18_fit_1828.pkl": 1229.1445194272776,
    "gen_12_fit_1826.pkl": 1227.8545577957607,
    "gen_14_fit_1825.pkl": 1226.6322016216106,
    "gen_4_fit_1825.pkl": 1194.941415149089,
    "gen_6_fit_1825.pkl": 1163.0700052271864,
    "gen_19_fit_1824.pkl": 1164.6892096647157,
    "gen_21_fit_1824.pkl": 1196.7838936997293,
    "gen_19_fit_1822.pkl": 1228.9728277167387,
    "gen_2_fit_1819.pkl": 1227.688459635764,
    "gen_20_fit_1817.pkl": 1163.9399245450118,
    "gen_17_fit_1816.pkl": 1197.5193159950381,
    "gen_20_fit_1816.pkl": 1228.106704261599,
    "gen_3_fit_1812.pkl": 1196.3228692181235,
    "gen_4_fit_1812.pkl": 1227.0012215799518,
    "gen_1_fit_1811.pkl": 1163.2472892725634,
    "gen_21_fit_1811.pkl": 1227.430196002738,
    "gen_23_fit_1810.pkl": 1195.659488026542,
    "gen_16_fit_1809.pkl": 1226.4172254216196,
    "gen_5_fit_1805.pkl": 1226.0687408344231,
    "gen_22_fit_1801.pkl": 1224.951445884698,
    "gen_0_fit_1793.pkl": 1226.9474079058245,
    "gen_22_fit_1793.pkl": 1195.1084769373538,
    "gen_15_fit_1789.pkl": 1196.015297885331,
    "gen_5_fit_1787.pkl": 1230.8617706332054,
    "gen_0_fit_1781.pkl": 1230.5936834165707,
    "gen_14_fit_1777.pkl": 1199.6049941039973,
    "gen_6_fit_1774.pkl": 1230.7858163921971,
    "gen_9_fit_1772.pkl": 1229.5944850755748,
    "gen_13_fit_1770.pkl": 1197.6172011952392,
    "gen_44_fit_1769.pkl": 1197.742924084588,
    "gen_11_fit_1765.pkl": 1198.7093525320781,
    "gen_1_fit_1764.pkl": 1199.1346207094825,
    "gen_12_fit_1761.pkl": 1199.1734278161753,
    "gen_8_fit_1758.pkl": 1199.2103635327687,
    "gen_7_fit_1755.pkl": 1199.245453783734,
    "gen_0_fit_1752.pkl": 1199.2787437535371,
    "gen_10_fit_1752.pkl": 1199.3102922383143,
    "gen_24_fit_1744.pkl": 1230.3981297834166,
    "gen_6_fit_1742.pkl": 1229.7032400737721,
    "gen_35_fit_1737.pkl": 1230.4828912218159,
    "gen_48_fit_1733.pkl": 1229.461666662381,
    "gen_2_fit_1731.pkl": 1196.4276784186413,
    "gen_36_fit_1730.pkl": 1228.3390116889466,
    "gen_25_fit_1724.pkl": 1195.2609829124722,
    "gen_34_fit_1724.pkl": 1227.2140164131902,
    "gen_8_fit_1721.pkl": 1194.1247568266547,
    "gen_26_fit_1719.pkl": 1194.7576241129568,
    "gen_38_fit_1716.pkl": 1227.436578705243,
    "gen_33_fit_1715.pkl": 1226.2983095447903,
    "gen_7_fit_1713.pkl": 1225.206268222506,
    "gen_27_fit_1712.pkl": 1224.1626942414232,
    "gen_37_fit_1709.pkl": 1160.3195223780879,
    "gen_12_fit_1707.pkl": 1183.9901096301953,
    "gen_9_fit_1706.pkl": 1216.7268916173155,
    "gen_10_fit_1704.pkl": 1215.9570906041242,
    "gen_30_fit_1702.pkl": 1215.2228513433647,
    "gen_11_fit_1699.pkl": 1183.3263347957923,
    "gen_3_fit_1697.pkl": 1216.8255613743866,
    "gen_39_fit_1696.pkl": 1216.0514492672226,
    "gen_28_fit_1694.pkl": 1215.3126761455844,
    "gen_32_fit_1694.pkl": 1182.610586454879,
    "gen_22_fit_1692.pkl": 1183.4081603317586,
    "gen_18_fit_1689.pkl": 1217.5909894056304,
    "gen_23_fit_1689.pkl": 1184.7855373961713,
    "gen_16_fit_1687.pkl": 1218.1424304230518,
    "gen_41_fit_1685.pkl": 1187.2134393558274,
    "gen_40_fit_1683.pkl": 1219.7741328066923,
    "gen_4_fit_1683.pkl": 1186.9034192383524,
    "gen_13_fit_1680.pkl": 1219.4824439838249,
    "gen_24_fit_1679.pkl": 1218.6181036619514,
    "gen_21_fit_1678.pkl": 1217.7770957190917,
    "gen_14_fit_1676.pkl": 1216.7284691909392,
    "gen_29_fit_1676.pkl": 1183.958598787197,
    "gen_42_fit_1671.pkl": 1185.1949032901678,
    "gen_15_fit_1670.pkl": 1217.8703423048125,
    "gen_44_fit_1662.pkl": 1185.054441904779,
    "gen_20_fit_1661.pkl": 1217.7373638221675,
    "gen_43_fit_1660.pkl": 1216.9263678218354,
    "gen_39_fit_1659.pkl": 1184.1479127667649,
    "gen_38_fit_1648.pkl": 1185.5693085276143,
    "gen_48_fit_1646.pkl": 1218.8428218483377,
    "gen_49_fit_1637.pkl": 1186.6265380407403,
    "gen_40_fit_1630.pkl": 1188.3085863652066,
    "gen_47_fit_1629.pkl": 1220.8032834489602,
    "gen_36_fit_1627.pkl": 1219.9167202640958,
    "gen_35_fit_1622.pkl": 1187.043182594758,
    "gen_37_fit_1622.pkl": 1219.6139675096847,
    "gen_41_fit_1610.pkl": 1186.7466556111758,
    "gen_43_fit_1604.pkl": 1219.72199678758,
    "gen_5_fit_1599.pkl": 1218.8523640797039,
    "gen_6_fit_1589.pkl": 1218.0044019501183,
    "gen_45_fit_1585.pkl": 1217.1836874512703,
    "gen_44_fit_1578.pkl": 1216.394436069636,
    "gen_34_fit_1564.pkl": 1216.3928702760738,
    "gen_44_fit_1561.pkl": 1215.6380914265785,
    "gen_7_fit_1559.pkl": 1182.9195159275696,
    "gen_17_fit_1557.pkl": 1215.7044879311957,
    "gen_36_fit_1557.pkl": 1182.9826104617273,
    "gen_13_fit_1555.pkl": 1215.764932590761,
    "gen_19_fit_1554.pkl": 1183.0400679494908,
    "gen_33_fit_1554.pkl": 1215.8199550346126,
    "gen_28_fit_1553.pkl": 1215.0923869769463,
    "gen_14_fit_1551.pkl": 1214.4017295886597,
    "gen_11_fit_1548.pkl": 1181.7482036365143,
    "gen_20_fit_1548.pkl": 1214.5774498450849,
    "gen_46_fit_1548.pkl": 1181.9143030369264,
    "gen_31_fit_1547.pkl": 1182.7378720467864,
    "gen_27_fit_1546.pkl": 1215.530329695732,
    "gen_21_fit_1544.pkl": 1182.817158561544,
    "gen_42_fit_1544.pkl": 1215.6063751430192,
    "gen_12_fit_1543.pkl": 1215.6826294149264,
    "gen_9_fit_1543.pkl": 1182.9618366193927,
    "gen_15_fit_1542.pkl": 1215.7450340126095,
    "gen_35_fit_1542.pkl": 1215.0211507635693,
    "gen_22_fit_1541.pkl": 1182.3342350885544,
    "gen_43_fit_1541.pkl": 1183.1425381020554,
    "gen_10_fit_1539.pkl": 1215.9180313243312,
    "gen_30_fit_1539.pkl": 1183.1856823744026,
    "gen_8_fit_1539.pkl": 1215.9593062044878,
    "gen_29_fit_1538.pkl": 1215.2249599537988,
    "gen_16_fit_1536.pkl": 1182.527396960355,
    "gen_41_fit_1536.pkl": 1215.328255797687,
    "gen_47_fit_1536.pkl": 1214.625365695318,
    "gen_18_fit_1534.pkl": 1213.9596151474448,
    "gen_40_fit_1530.pkl": 1213.3307660628786,
    "gen_32_fit_1528.pkl": 1180.7380322787196,
    "gen_26_fit_1524.pkl": 1181.5970385707358,
    "gen_39_fit_1523.pkl": 1214.4312669646051,
    "gen_24_fit_1522.pkl": 1213.7761160196378,
    "gen_23_fit_1521.pkl": 1181.1576909699866,
    "gen_37_fit_1519.pkl": 1214.0053639590126,
    "gen_38_fit_1519.pkl": 1181.3739319260026,
    "gen_49_fit_1519.pkl": 1214.2151836989576,
    "gen_48_fit_1506.pkl": 1181.5719907491803,
    "gen_25_fit_1489.pkl": 1214.4070274119845
}