{
    "gen_49_fit_1479.pkl": 1194.872846535031,
    "gen_46_fit_1471.pkl": 1216.0,
    "gen_46_fit_1532.pkl": 1255.8009426289977,
    "gen_29_fit_1530.pkl": 1181.4521413304842,
    "gen_28_fit_1528.pkl": 1214.2909764869112,
    "gen_49_fit_1521.pkl": 1213.643570864241,
    "gen_31_fit_1516.pkl": 1213.0327362277874,
    "gen_30_fit_1512.pkl": 1212.4574703240025,
    "gen_34_fit_1510.pkl": 1179.9164326431396,
    "gen_24_fit_1504.pkl": 1180.7930258177264,
    "gen_25_fit_1504.pkl": 1213.6506339988102,
    "gen_26_fit_1504.pkl": 1181.0393936385603,
    "gen_44_fit_1496.pkl": 1213.8904144025269,
    "gen_45_fit_1491.pkl": 1213.265484566572,
    "gen_33_fit_1487.pkl": 1212.6765594592853,
    "gen_7_fit_1487.pkl": 1212.122415271686,
    "gen_23_fit_1486.pkl": 1211.6015612061306,
    "gen_47_fit_1485.pkl": 1211.112337855155,
    "gen_4_fit_1482.pkl": 1210.6529947843374,
    "gen_37_fit_1475.pkl": 1177.7913459266138,
    "gen_14_fit_1474.pkl": 1210.6809460052734
}