{
    "gen_49_fit_1479.pkl": 1352.3876821961987,
    "gen_46_fit_1471.pkl": 1309.6161667870715,
    "gen_46_fit_1532.pkl": 1582.5886380258733,
    "gen_49_fit_1521.pkl": 1528.7600164089565,
    "gen_31_fit_1516.pkl": 1539.184771975354,
    "gen_45_fit_1491.pkl": 1539.240793865465,
    "gen_7_fit_1487.pkl": 1522.2862046834603,
    "gen_47_fit_1485.pkl": 1534.6220947209276,
    "gen_4_fit_1482.pkl": 1396.3121565530093,
    "gen_37_fit_1475.pkl": 1050.78429879176,
    "gen_14_fit_1474.pkl": 1299.2825510524517,
    "gen_6_fit_1471.pkl": 1247.7481711135717,
    "gen_8_fit_1471.pkl": 1273.3019860903835,
    "gen_2_fit_1470.pkl": 1299.22252714836,
    "gen_41_fit_1470.pkl": 1124.4425313161355,
    "gen_39_fit_1469.pkl": 1126.8756245682714,
    "gen_43_fit_1469.pkl": 1266.7144851211544,
    "gen_47_fit_1468.pkl": 1238.5272207835678,
    "gen_20_fit_1467.pkl": 1236.4640086579197,
    "gen_48_fit_1463.pkl": 1294.2489493771277,
    "gen_0_fit_1461.pkl": 1147.7419930616825,
    "gen_27_fit_1460.pkl": 1124.3718481034675,
    "gen_38_fit_1460.pkl": 1324.5054011761217,
    "gen_3_fit_1459.pkl": 1202.4425154930614,
    "gen_15_fit_1456.pkl": 1123.1909089270073,
    "gen_5_fit_1453.pkl": 1318.4650757233771,
    "gen_1_fit_1452.pkl": 1294.5194722184942,
    "gen_13_fit_1444.pkl": 1281.992002227916,
    "gen_35_fit_1439.pkl": 1116.9224310052143,
    "gen_19_fit_1438.pkl": 1119.6438035900976,
    "gen_40_fit_1437.pkl": 1122.2337404076966,
    "gen_48_fit_1435.pkl": 1235.906830479922,
    "gen_21_fit_1434.pkl": 1310.9988293113095,
    "gen_22_fit_1433.pkl": 1120.1163353077409,
    "gen_42_fit_1432.pkl": 1122.6794676852353,
    "gen_36_fit_1418.pkl": 1125.1196499501457,
    "gen_18_fit_1414.pkl": 1127.4430487218344,
    "gen_10_fit_1407.pkl": 1231.6757069630946,
    "gen_11_fit_1404.pkl": 1212.69293189125,
    "gen_12_fit_1403.pkl": 1128.7349344450536,
    "gen_16_fit_1399.pkl": 1130.8705653082484,
    "gen_40_fit_1398.pkl": 1132.906735572302,
    "gen_41_fit_1393.pkl": 1248.4659147369803,
    "gen_45_fit_1390.pkl": 1133.5761892468988,
    "gen_44_fit_1385.pkl": 1329.5970258128082,
    "gen_43_fit_1381.pkl": 1131.5589114751822,
    "gen_42_fit_1376.pkl": 1218.402437139389,
    "gen_9_fit_1373.pkl": 1132.9062756936694,
    "gen_38_fit_1370.pkl": 1325.7252795782356,
    "gen_37_fit_1352.pkl": 1186.1708139216696,
    "gen_17_fit_1349.pkl": 1131.8894422094804,
    "gen_22_fit_1344.pkl": 1133.8733628503358,
    "gen_27_fit_1338.pkl": 1135.7659249443614,
    "gen_23_fit_1335.pkl": 1137.5720655364794,
    "gen_16_fit_1333.pkl": 1139.2964933462413,
    "gen_1_fit_1331.pkl": 1140.9436835758895,
    "gen_2_fit_1331.pkl": 1142.5178774447486,
    "gen_5_fit_1330.pkl": 1144.0230852749214,
    "gen_33_fit_1327.pkl": 1145.4630921777846,
    "gen_39_fit_1327.pkl": 1288.0256393764935,
    "gen_3_fit_1326.pkl": 1144.509816428733,
    "gen_11_fit_1324.pkl": 1145.932265676473,
    "gen_21_fit_1323.pkl": 1147.2939219037007,
    "gen_18_fit_1322.pkl": 1148.5980868899067,
    "gen_0_fit_1319.pkl": 1149.8478698924391,
    "gen_12_fit_1319.pkl": 1151.0461962959628,
    "gen_36_fit_1319.pkl": 1152.1958167209114,
    "gen_15_fit_1314.pkl": 1154.379341271254,
    "gen_19_fit_1313.pkl": 1155.3969434066864,
    "gen_9_fit_1313.pkl": 1156.3753208124883,
    "gen_7_fit_1312.pkl": 1157.3164849963648,
    "gen_14_fit_1311.pkl": 1158.2223261025395,
    "gen_4_fit_1311.pkl": 1159.0946206422732,
    "gen_26_fit_1310.pkl": 1159.935038804194,
    "gen_6_fit_1310.pkl": 1160.7451513426292,
    "gen_8_fit_1310.pkl": 1161.5264360497272,
    "gen_20_fit_1306.pkl": 1162.2802838225946,
    "gen_34_fit_1304.pkl": 1163.0080043403746,
    "gen_25_fit_1303.pkl": 1163.7108313686201,
    "gen_29_fit_1299.pkl": 1171.6356893316192,
    "gen_32_fit_1299.pkl": 1165.3439045786608,
    "gen_24_fit_1294.pkl": 1165.9691587691673,
    "gen_17_fit_1318.pkl": 1157.1736471224976,
    "gen_13_fit_1286.pkl": 1169.4097614382797
}