{
    "gen_49_fit_1479.pkl": 1279.5147458908377,
    "gen_46_fit_1471.pkl": 1245.8361109165328,
    "gen_46_fit_1532.pkl": 1578.3554453338284,
    "gen_49_fit_1521.pkl": 1523.7535935717458,
    "gen_31_fit_1516.pkl": 1315.125918973385,
    "gen_30_fit_1512.pkl": 1140.1104478039729,
    "gen_34_fit_1510.pkl": 1174.2546772877645,
    "gen_24_fit_1504.pkl": 1175.1854483290992,
    "gen_25_fit_1504.pkl": 1172.392726085597,
    "gen_26_fit_1504.pkl": 1147.8848295944533,
    "gen_44_fit_1496.pkl": 1204.9779825820108,
    "gen_45_fit_1491.pkl": 1204.8458570606717,
    "gen_33_fit_1487.pkl": 1147.0687484401683,
    "gen_7_fit_1487.pkl": 1206.7708648919793,
    "gen_23_fit_1486.pkl": 1148.6692137253867,
    "gen_47_fit_1485.pkl": 1267.4061605729087,
    "gen_4_fit_1482.pkl": 1295.525124860532,
    "gen_37_fit_1475.pkl": 1143.5260563968584,
    "gen_14_fit_1474.pkl": 1232.9548691671346,
    "gen_6_fit_1471.pkl": 1198.4758335421725,
    "gen_8_fit_1471.pkl": 1197.2831562838003,
    "gen_2_fit_1470.pkl": 1198.8376781721865,
    "gen_41_fit_1470.pkl": 1168.2492546833068,
    "gen_39_fit_1469.pkl": 1169.481497227518,
    "gen_43_fit_1469.pkl": 1233.341607586211,
    "gen_47_fit_1468.pkl": 1198.5857099608968,
    "gen_20_fit_1467.pkl": 1230.8304699396167,
    "gen_48_fit_1463.pkl": 1198.8976437373105,
    "gen_0_fit_1461.pkl": 1198.9668802652827,
    "gen_27_fit_1460.pkl": 1178.2956658474898,
    "gen_38_fit_1460.pkl": 1211.166904800772,
    "gen_3_fit_1459.pkl": 1209.1908970788008,
    "gen_15_fit_1456.pkl": 1178.3776537227131,
    "gen_5_fit_1453.pkl": 1211.2436130318974,
    "gen_1_fit_1452.pkl": 1178.699854670343,
    "gen_13_fit_1444.pkl": 1210.1498197455796,
    "gen_35_fit_1439.pkl": 1179.2638322632572,
    "gen_19_fit_1438.pkl": 1180.0767660490628,
    "gen_40_fit_1437.pkl": 1180.841577125705,
    "gen_48_fit_1435.pkl": 1213.5613407505944,
    "gen_21_fit_1434.pkl": 1243.6118904145976,
    "gen_22_fit_1433.pkl": 1179.3046070587407,
    "gen_42_fit_1432.pkl": 1180.1165122377965,
    "gen_36_fit_1418.pkl": 1180.8805448617813,
    "gen_18_fit_1414.pkl": 1181.5996958325354,
    "gen_10_fit_1407.pkl": 1244.979758295142,
    "gen_11_fit_1404.pkl": 1212.6213930860827,
    "gen_12_fit_1403.pkl": 1180.033638885357,
    "gen_16_fit_1399.pkl": 1180.8043278986552,
    "gen_40_fit_1398.pkl": 1181.5298977967207,
    "gen_41_fit_1393.pkl": 1214.2131700658656,
    "gen_45_fit_1390.pkl": 1181.5614115406593,
    "gen_44_fit_1385.pkl": 1244.8997603079679,
    "gen_43_fit_1381.pkl": 1180.624881677499,
    "gen_42_fit_1376.pkl": 1181.3625821352668,
    "gen_9_fit_1373.pkl": 1182.057340094863,
    "gen_38_fit_1370.pkl": 1245.395939943389,
    "gen_37_fit_1352.pkl": 1181.0837869066036,
    "gen_17_fit_1349.pkl": 1181.7932544822165,
    "gen_22_fit_1344.pkl": 1182.4614639694685,
    "gen_27_fit_1338.pkl": 1183.0910921894697,
    "gen_23_fit_1335.pkl": 1183.6846922089871,
    "gen_16_fit_1333.pkl": 1184.2446810861097,
    "gen_1_fit_1331.pkl": 1184.7733338081184,
    "gen_2_fit_1331.pkl": 1185.2727818376052,
    "gen_5_fit_1330.pkl": 1185.7450149971842,
    "gen_33_fit_1327.pkl": 1186.1918856942962,
    "gen_39_fit_1327.pkl": 1218.6151147142882,
    "gen_3_fit_1326.pkl": 1185.9266397253496,
    "gen_11_fit_1324.pkl": 1186.3682167226177,
    "gen_21_fit_1323.pkl": 1186.7863368850433,
    "gen_18_fit_1322.pkl": 1187.182581167465,
    "gen_0_fit_1319.pkl": 1187.5584169186895,
    "gen_12_fit_1319.pkl": 1187.9152042713313,
    "gen_36_fit_1319.pkl": 1188.2542028245416,
    "gen_15_fit_1314.pkl": 1188.887736779382,
    "gen_19_fit_1313.pkl": 1189.179801496299,
    "gen_9_fit_1313.pkl": 1189.4582576797502,
    "gen_7_fit_1312.pkl": 1189.7239585827126,
    "gen_14_fit_1311.pkl": 1189.9776940942777,
    "gen_4_fit_1311.pkl": 1190.2201957752002,
    "gen_26_fit_1310.pkl": 1190.4521415272318,
    "gen_6_fit_1310.pkl": 1190.6741599073052,
    "gen_8_fit_1310.pkl": 1190.8868341024154,
    "gen_20_fit_1306.pkl": 1191.0907055839318,
    "gen_34_fit_1304.pkl": 1191.2862774616322,
    "gen_25_fit_1303.pkl": 1191.474017558307,
    "gen_30_fit_1303.pkl": 1191.654361225694,
    "gen_29_fit_1299.pkl": 1196.507896417083,
    "gen_32_fit_1299.pkl": 1192.056935211197,
    "gen_24_fit_1294.pkl": 1192.2153928252976,
    "gen_17_fit_1318.pkl": 1193.188297426232,
    "gen_13_fit_1286.pkl": 1195.6082797891215
}