{
    "gen_32_fit_1737.pkl": 1351.621512328322,
    "gen_47_fit_1677.pkl": 1458.5407719095583,
    "gen_38_fit_1673.pkl": 1527.2544295638468,
    "gen_2_fit_1894.pkl": 1150.8870351819053,
    "gen_1_fit_1890.pkl": 1069.237870375831,
    "gen_0_fit_1880.pkl": 1193.094117592978,
    "gen_0_fit_1873.pkl": 1200.5213577707354,
    "gen_2_fit_1866.pkl": 1184.1823052982543,
    "gen_3_fit_1866.pkl": 1216.168974149869,
    "gen_1_fit_1860.pkl": 1215.4146371587021,
    "gen_3_fit_1859.pkl": 1181.302696225153,
    "gen_10_fit_1853.pkl": 1182.2330309591725,
    "gen_0_fit_1851.pkl": 1157.9459620776074,
    "gen_1_fit_1850.pkl": 1245.9533405116451,
    "gen_3_fit_1849.pkl": 1214.6373565768038,
    "gen_16_fit_1844.pkl": 1246.0515619269265,
    "gen_9_fit_1843.pkl": 1216.1915098334625,
    "gen_2_fit_1840.pkl": 1240.5654186348331,
    "gen_17_fit_1839.pkl": 1268.2232026005438,
    "gen_0_fit_1837.pkl": 1204.1208489392416,
    "gen_4_fit_1837.pkl": 1205.4680689176444,
    "gen_7_fit_1836.pkl": 1265.3674289364867,
    "gen_15_fit_1834.pkl": 1234.7045119656536,
    "gen_13_fit_1833.pkl": 1141.4500302440174,
    "gen_8_fit_1833.pkl": 1222.8209640779519,
    "gen_11_fit_1832.pkl": 1159.0598202514104,
    "gen_18_fit_1831.pkl": 1194.1587005316721,
    "gen_5_fit_1830.pkl": 1190.2078233745958,
    "gen_18_fit_1828.pkl": 1189.248543678107,
    "gen_12_fit_1826.pkl": 1220.4143845142444,
    "gen_14_fit_1825.pkl": 1251.6027770300873,
    "gen_4_fit_1825.pkl": 1191.0100947913086,
    "gen_6_fit_1825.pkl": 1130.1312793701666,
    "gen_19_fit_1824.pkl": 1133.0856936990958,
    "gen_21_fit_1824.pkl": 1194.2650824428472,
    "gen_19_fit_1822.pkl": 1255.7366323768365,
    "gen_2_fit_1819.pkl": 1222.825223943583,
    "gen_20_fit_1817.pkl": 1132.9573673852017,
    "gen_17_fit_1816.pkl": 1196.912383352859,
    "gen_20_fit_1816.pkl": 1223.371877271338,
    "gen_3_fit_1812.pkl": 1194.604823479581,
    "gen_4_fit_1812.pkl": 1254.654127886333,
    "gen_1_fit_1811.pkl": 1195.3653193245482,
    "gen_21_fit_1811.pkl": 1221.8629305010281,
    "gen_23_fit_1810.pkl": 1223.669882416805,
    "gen_16_fit_1809.pkl": 1250.5541955627248,
    "gen_5_fit_1805.pkl": 1218.5760919468303,
    "gen_22_fit_1801.pkl": 1216.5396879474526,
    "gen_0_fit_1793.pkl": 1220.0624972350872,
    "gen_22_fit_1793.pkl": 1191.2869398550233,
    "gen_15_fit_1789.pkl": 1160.2763504226943,
    "gen_5_fit_1787.pkl": 1193.6372559333722,
    "gen_0_fit_1781.pkl": 1227.0225763553449,
    "gen_14_fit_1777.pkl": 1229.5074691771454,
    "gen_6_fit_1774.pkl": 1226.0517874400546,
    "gen_9_fit_1772.pkl": 1225.1925927605348,
    "gen_13_fit_1770.pkl": 1194.8296577919616,
    "gen_44_fit_1769.pkl": 1164.4249939252209,
    "gen_11_fit_1765.pkl": 1229.3548574192607,
    "gen_1_fit_1764.pkl": 1197.8169887331899,
    "gen_12_fit_1761.pkl": 1196.5211690827605,
    "gen_8_fit_1758.pkl": 1196.6522960516104,
    "gen_7_fit_1755.pkl": 1166.2425382402132,
    "gen_0_fit_1752.pkl": 1230.293525680732,
    "gen_10_fit_1752.pkl": 1228.9470395237506,
    "gen_24_fit_1744.pkl": 1224.020393266896,
    "gen_6_fit_1742.pkl": 1223.6541225082487,
    "gen_35_fit_1737.pkl": 1226.8881475609076,
    "gen_48_fit_1733.pkl": 1194.0546127434955,
    "gen_2_fit_1731.pkl": 1165.5623521746966,
    "gen_36_fit_1730.pkl": 1227.9924981869167,
    "gen_25_fit_1724.pkl": 1196.3930922611062,
    "gen_34_fit_1724.pkl": 1225.4614489123219,
    "gen_8_fit_1721.pkl": 1196.9064773983916,
    "gen_26_fit_1719.pkl": 1195.8741939494,
    "gen_38_fit_1716.pkl": 1227.0733161115522,
    "gen_33_fit_1715.pkl": 1224.5428706691914,
    "gen_7_fit_1713.pkl": 1225.1344071889496,
    "gen_27_fit_1712.pkl": 1222.678681852337,
    "gen_37_fit_1709.pkl": 1196.6502103726991,
    "gen_12_fit_1707.pkl": 1195.1093071300934,
    "gen_9_fit_1706.pkl": 1253.8980413375905,
    "gen_10_fit_1704.pkl": 1251.6756329572113,
    "gen_30_fit_1702.pkl": 1219.0048169423967,
    "gen_11_fit_1699.pkl": 1158.8734602774011,
    "gen_3_fit_1697.pkl": 1221.536814651995,
    "gen_39_fit_1696.pkl": 1251.3087998481797,
    "gen_28_fit_1694.pkl": 1249.2206846192646,
    "gen_32_fit_1694.pkl": 1156.3939232577427,
    "gen_22_fit_1692.pkl": 1190.3842765150098,
    "gen_18_fit_1689.pkl": 1250.9760930144703,
    "gen_23_fit_1689.pkl": 1160.8377431622423,
    "gen_16_fit_1687.pkl": 1250.7972394891485,
    "gen_41_fit_1685.pkl": 1160.858352489795,
    "gen_40_fit_1683.pkl": 1222.4086864754436,
    "gen_4_fit_1683.pkl": 1191.6447862555085,
    "gen_13_fit_1680.pkl": 1220.2457116519004,
    "gen_24_fit_1679.pkl": 1218.323747754281,
    "gen_21_fit_1678.pkl": 1249.5814949414191,
    "gen_14_fit_1676.pkl": 1220.0605133191439,
    "gen_29_fit_1676.pkl": 1160.353836082152,
    "gen_42_fit_1671.pkl": 1160.5548567018495,
    "gen_15_fit_1670.pkl": 1190.3515307169166,
    "gen_44_fit_1662.pkl": 1196.2532657965253,
    "gen_20_fit_1661.pkl": 1222.832588690259,
    "gen_43_fit_1660.pkl": 1160.7903545876666,
    "gen_39_fit_1659.pkl": 1164.9602925578633,
    "gen_38_fit_1648.pkl": 1228.184228479805,
    "gen_48_fit_1646.pkl": 1224.8493208164493,
    "gen_49_fit_1637.pkl": 1135.3219386273686,
    "gen_40_fit_1630.pkl": 1198.6963476527005,
    "gen_47_fit_1629.pkl": 1198.9836339306162,
    "gen_36_fit_1627.pkl": 1258.774503028777,
    "gen_35_fit_1622.pkl": 1199.2112335912493,
    "gen_37_fit_1622.pkl": 1256.2820472209867,
    "gen_41_fit_1610.pkl": 1164.7725561209274,
    "gen_43_fit_1604.pkl": 1255.6853787780544,
    "gen_5_fit_1599.pkl": 1193.5586967131514,
    "gen_6_fit_1589.pkl": 1161.8243476370315,
    "gen_45_fit_1585.pkl": 1224.7042046879071,
    "gen_44_fit_1578.pkl": 1223.739146554721,
    "gen_34_fit_1564.pkl": 1254.1981515865748,
    "gen_44_fit_1561.pkl": 1219.9754362609162,
    "gen_7_fit_1559.pkl": 1163.3454255905763,
    "gen_17_fit_1557.pkl": 1252.6249453268958,
    "gen_36_fit_1557.pkl": 1222.4265043969667,
    "gen_13_fit_1555.pkl": 1157.533422937196,
    "gen_19_fit_1554.pkl": 1194.0189062264533,
    "gen_33_fit_1554.pkl": 1219.4599885307641,
    "gen_28_fit_1553.pkl": 1221.3187169657422,
    "gen_14_fit_1551.pkl": 1188.3941267486236,
    "gen_11_fit_1548.pkl": 1159.6340807025908,
    "gen_20_fit_1548.pkl": 1221.2391292022585,
    "gen_46_fit_1548.pkl": 1223.087955219553,
    "gen_31_fit_1547.pkl": 1130.2880483028075,
    "gen_27_fit_1546.pkl": 1161.089549865136,
    "gen_21_fit_1544.pkl": 1164.1515352073206,
    "gen_42_fit_1544.pkl": 1224.1178839307458,
    "gen_12_fit_1543.pkl": 1194.7246393736027,
    "gen_9_fit_1543.pkl": 1228.3005958471326,
    "gen_15_fit_1542.pkl": 1224.319369884792,
    "gen_35_fit_1542.pkl": 1191.316066131661,
    "gen_22_fit_1541.pkl": 1226.5122266708925,
    "gen_43_fit_1541.pkl": 1193.2974403421636,
    "gen_10_fit_1539.pkl": 1221.5561034038424,
    "gen_30_fit_1539.pkl": 1194.2976330529434,
    "gen_8_fit_1539.pkl": 1253.0226909413652,
    "gen_29_fit_1538.pkl": 1188.289277583895,
    "gen_16_fit_1536.pkl": 1160.9535038448842,
    "gen_41_fit_1536.pkl": 1253.2748982473238,
    "gen_47_fit_1536.pkl": 1251.0700236958828,
    "gen_18_fit_1534.pkl": 1186.4331657986982,
    "gen_40_fit_1530.pkl": 1187.2119325430028,
    "gen_32_fit_1528.pkl": 1130.6806039138635,
    "gen_26_fit_1524.pkl": 1193.1276494124788,
    "gen_39_fit_1523.pkl": 1161.864419333017,
    "gen_24_fit_1522.pkl": 1195.319693241216,
    "gen_23_fit_1521.pkl": 1165.9079687425292,
    "gen_37_fit_1519.pkl": 1225.781213942886,
    "gen_38_fit_1519.pkl": 1227.3562678100006,
    "gen_49_fit_1519.pkl": 1254.0622205162654,
    "gen_48_fit_1506.pkl": 1164.1545783607576,
    "gen_25_fit_1489.pkl": 1221.0990022432056
}