generation,max_fitness,avg_fitness,std_dev,val_avg_rally,val_win_rate
0,104.08000000000902,77.37150000000169,12.90906547027482,1.4,0.0
1,104.06000000000759,63.09684210526332,21.276178137541894,1.2,0.0
2,87.70000000000435,64.02772727272715,15.714322533409446,1.0,0.0
